model_label,family_label,architecture_kind,n_transfer_rows,n_transfer_rule_on,transfer_rule_fraction,transfer_enrichment_gap,transfer_auc_pair_fixed_055,transfer_auc_ll_rank_norm
ESM2-35M,esm,masked_encoder,100,27,0.27,-0.04211060375443937,0.12918892666342885,0.12724623603691113
ProtBERT,bert_style,bidirectional_encoder,100,37,0.37,-0.16001716001716,0.6330743079164642,0.671685284118504
ProtBERT-BFD,bert_style,bidirectional_encoder,100,38,0.38,-0.08573853989813243,0.35769791160757647,0.5565808644973289
ESM-1v,esm_variant_specialist,masked_encoder,100,28,0.28,-0.20436507936507936,0.14570179698882954,0.19281204468188443
ESM2-3B,esm,masked_encoder,100,37,0.37,0.44058344058344057,0.20835356969402624,0.057309373482272934
ESM2-150M,esm,masked_encoder,100,38,0.38,0.2962648556876061,0.17484215638659545,0.08402136959689169
ESM2-650M,esm,masked_encoder,100,21,0.21,0.2356841470765521,0.14375910636231182,0.05099562894609033
