alpha_positive_fraction,alpha_margin_median,alpha_margin_max,alpha_margin_min,alpha_stability_interval,variant_id
,,,,,GRIN2A:P78R
,,,,,COL2A1:Y1390H
,,,,,BRCA1:G1737R
,,,,,KMT2A:C1157R
,,,,,BRCA2:L3124H
,,,,,BRCA1:W1836R
,,,,,TSC2:Y1548H
1.0,0.35911602209944754,0.6464088397790055,0.07182320441988949,0.10-0.90,TSC2:N1563K
1.0,0.3535911602209945,0.6364640883977901,0.07071823204419891,0.10-0.90,TSC2:G1595V
1.0,0.31629834254143646,0.5693370165745855,0.06325966850828729,0.10-0.90,TSC2:G293R
1.0,0.31249999999999994,0.5625,0.06250000000000006,0.10-0.90,ANKRD11:V2562D
1.0,0.30303030303030304,0.5454545454545454,0.06060606060606061,0.10-0.90,ANKRD11:E2561K
0.35294117647058826,0.03875379939209733,0.06975683890577533,0.007750759878419555,0.65-0.90,BRCA2:N3123I
1.0,0.28030303030303033,0.5045454545454546,0.05606060606060603,0.10-0.90,ANKRD11:D668A
0.0,0.0227963525835867,0.04103343465045606,0.004559270516717451,,BRCA2:A3121P
0.9411764705882353,0.22466216216216217,0.40439189189189184,0.0449324324324325,0.15-0.90,CREBBP:R1340P
0.9411764705882353,0.21114864864864868,0.38006756756756765,0.042229729729729715,0.15-0.90,CREBBP:S1686F
0.9411764705882353,0.17567567567567566,0.3162162162162161,0.03513513513513511,0.15-0.90,CREBBP:R1377P
0.0,-0.4545454545454546,-0.09090909090909094,-0.8181818181818182,,TP53:G244S
0.7647058823529411,0.09090909090909094,0.1636363636363637,0.018181818181818188,0.30-0.90,TP53:R248S
0.0,-0.045454545454545414,-0.009090909090909038,-0.08181818181818185,,TP53:V271M
