gene,name,position,wt_aa,mut_aa,label,variant_id,frob_dist,trace_ratio,sps_log,ll_proper,model_name
TSC2,NM_000548.5(TSC2):c.4692T>G (p.Asn1564Lys),1563,N,K,1,TSC2:N1563K,61024.71460436194,0.005924974626537904,0.24254845042554074,3.70139741897583,Rostlab/prot_t5_xl_half_uniref50-enc
TSC2,NM_000548.5(TSC2):c.880G>A (p.Gly294Arg),293,G,R,1,TSC2:G293R,374065.22612397815,0.12920638489104197,3.3257795707528093,8.123605728149414,Rostlab/prot_t5_xl_half_uniref50-enc
CREBBP,NM_004380.3(CREBBP):c.4022G>C (p.Arg1341Pro),1340,R,P,1,CREBBP:R1340P,274190.6096695597,0.06483764375592105,0.41801421351231793,6.248399257659912,Rostlab/prot_t5_xl_half_uniref50-enc
CREBBP,NM_004380.3(CREBBP):c.5060C>T (p.Ser1687Phe),1686,S,F,1,CREBBP:S1686F,105423.1750743751,0.02368674793483916,0.8214985925345621,4.9091081619262695,Rostlab/prot_t5_xl_half_uniref50-enc
GRIN2A,NM_001134407.3(GRIN2A):c.236C>G (p.Pro79Arg),78,P,R,1,GRIN2A:P78R,310718.77697627275,0.03396722207127867,1.456076710914587,6.456086158752441,Rostlab/prot_t5_xl_half_uniref50-enc
