gene,name,position,wt_aa,mut_aa,label,variant_id,frob_dist,trace_ratio,sps_log,ll_proper,model_name
TSC2,NM_000548.5(TSC2):c.4692T>G (p.Asn1564Lys),1563,N,K,1,TSC2:N1563K,40.708327714436685,0.020157338313423284,0.15524719704472859,28.767513275146484,hugohrban/progen2-base
TSC2,NM_000548.5(TSC2):c.880G>A (p.Gly294Arg),293,G,R,1,TSC2:G293R,53.6721693846324,0.05297500679891112,0.5107055441289784,13.835983276367188,hugohrban/progen2-base
CREBBP,NM_004380.3(CREBBP):c.4022G>C (p.Arg1341Pro),1340,R,P,1,CREBBP:R1340P,84.26133865042331,0.05348095280142953,1.0112183517905835,49.27138900756836,hugohrban/progen2-base
CREBBP,NM_004380.3(CREBBP):c.5060C>T (p.Ser1687Phe),1686,S,F,1,CREBBP:S1686F,85.7176686075605,0.04616934676405657,0.6701751797729534,62.59117889404297,hugohrban/progen2-base
GRIN2A,NM_001134407.3(GRIN2A):c.236C>G (p.Pro79Arg),78,P,R,1,GRIN2A:P78R,55.231976482297,0.0345990674541741,1.6224040323560929,28.395219802856445,hugohrban/progen2-base
