gene,name,position,wt_aa,mut_aa,label,variant_id,frob_dist,trace_ratio,sps_log,ll_proper,model_name
TSC2,NM_000548.5(TSC2):c.4692T>G (p.Asn1564Lys),1563,N,K,1,TSC2:N1563K,979.251980959206,0.08092121400291605,1.2358027746778844,3.3203125,facebook/esm2_t30_150M_UR50D
TSC2,NM_000548.5(TSC2):c.880G>A (p.Gly294Arg),293,G,R,1,TSC2:G293R,650.9880430052334,0.2168848740835143,7.505265227058176,3.4560546875,facebook/esm2_t30_150M_UR50D
CREBBP,NM_004380.3(CREBBP):c.4022G>C (p.Arg1341Pro),1340,R,P,1,CREBBP:R1340P,295.18791107763724,0.0710837514691772,0.407079494090609,4.109375208616257,facebook/esm2_t30_150M_UR50D
CREBBP,NM_004380.3(CREBBP):c.5060C>T (p.Ser1687Phe),1686,S,F,1,CREBBP:S1686F,248.55729487597512,0.03506130980864745,0.8363138050390011,3.993163913488388,facebook/esm2_t30_150M_UR50D
GRIN2A,NM_001134407.3(GRIN2A):c.236C>G (p.Pro79Arg),78,P,R,1,GRIN2A:P78R,889.3048453094336,0.04846834082445971,0.4844552764979033,3.1908264458179474,facebook/esm2_t30_150M_UR50D
