gene,name,position,wt_aa,mut_aa,label,variant_id,frob_dist,trace_ratio,sps_log,ll_proper,model_name
BRCA1,NM_007294.4(BRCA1):c.181T>G (p.Cys61Gly),60,C,G,0,BRCA1:C60G,154.03705472692374,0.026898256973415528,0.27482166367528216,11.883788931532763,facebook/esm2_t30_150M_UR50D
BRCA1,NM_007294.4(BRCA1):c.117T>G (p.Cys39Trp),38,C,W,0,BRCA1:C38W,207.89553259167081,0.024742403025751446,0.15280860363134466,11.60839874856174,facebook/esm2_t30_150M_UR50D
BRCA1,NM_007294.4(BRCA1):c.72T>G (p.Cys24Trp),23,C,W,0,BRCA1:C23W,169.58128009150167,0.009799392774980438,0.2677474251927378,8.003173434175551,facebook/esm2_t30_150M_UR50D
