gene,name,position,wt_aa,mut_aa,label,variant_id,frob_dist,trace_ratio,sps_log,ll_proper,model_name
CREBBP,NM_004380.3(CREBBP):c.4022G>C (p.Arg1341Pro),1340,R,P,1,CREBBP:R1340P,295.18791107763724,0.0710837514691772,0.407079494090609,4.109375208616257,facebook/esm2_t30_150M_UR50D
CREBBP,NM_004380.3(CREBBP):c.5060C>T (p.Ser1687Phe),1686,S,F,1,CREBBP:S1686F,248.55729487597512,0.03506130980864745,0.8363138050390011,3.993163913488388,facebook/esm2_t30_150M_UR50D
