gene,name,position,wt_aa,mut_aa,label,variant_id,frob_dist,trace_ratio,sps_log,ll_proper,model_name
MSH2,NM_000251.3(MSH2):c.2091T>G (p.Cys697Trp),696,C,W,0,MSH2:C696W,94.70172621781639,0.0065709590734035666,0.13009482770671713,9.115234375,facebook/esm2_t30_150M_UR50D
MSH2,NM_000251.3(MSH2):c.2030C>G (p.Thr677Arg),676,T,R,0,MSH2:T676R,216.02060129907312,0.015173152196261438,0.054126350696942674,11.531250217463821,facebook/esm2_t30_150M_UR50D
