gene,name,position,wt_aa,mut_aa,label,variant_id,frob_dist,trace_ratio,sps_log,ll_proper,model_name
TSC2,NM_000548.5(TSC2):c.4692T>G (p.Asn1564Lys),1563,N,K,1,TSC2:N1563K,979.251980959206,0.08092121400291605,1.2358027746778844,3.3203125,facebook/esm2_t30_150M_UR50D
TSC2,NM_000548.5(TSC2):c.880G>A (p.Gly294Arg),293,G,R,1,TSC2:G293R,650.9880430052334,0.2168848740835143,7.505265227058176,3.4560546875,facebook/esm2_t30_150M_UR50D
