gene,focus_role,selection_reason,support_rank,n_total,n_positive,n_negative,auc_ll_proper,auc_pair_fixed_055,delta_pair_vs_ll,auc_esm1v_mean,auc_augmented_pair_fixed_055,delta_augmented_vs_esm1v,same_surface_status,best_available_cross_model_delta,n_positive_models,n_non_esm2_positive_models
MSH2,counterexample,clinical_counterexample,8,395,124,271,0.7463397214617308,0.7491370074991073,0.0027972860373765,0.9232531841447447,0.8457028925127961,-0.0775502916319486,scalar_wins,0.0027972860373765,1,0
BRCA1,counterexample,clinical_counterexample,0,512,165,347,0.8527464850231421,0.8282944720985067,-0.0244520129246353,0.7865164614444153,0.7950921316915553,0.00857567024714001,mixed,0.00857567024714001,1,1
ANKRD11,positive_focus,clinical_positive_focus,14,264,33,231,0.611176702085793,0.8046700773973501,0.193493375311557,,,,not_available,0.193493375311557,1,0
TSC2,positive_focus,clinical_positive_focus,15,362,164,198,0.5672271495442227,0.6999568859324957,0.132729736388273,,,,not_available,0.132729736388273,1,0
CREBBP,positive_focus,clinical_positive_focus,18,296,114,182,0.647291305186042,0.752361673414305,0.1050703682282629,,,,not_available,0.1050703682282629,1,0
BRCA2,positive_focus,clinical_positive_focus,2,658,100,558,0.6938351254480287,0.7445519713261649,0.0507168458781361,0.6323835125448029,0.6889784946236559,0.05659498207885305,covariance_wins,0.05659498207885305,2,1
