gene,name,position,wt_aa,mut_aa,label,variant_id,frob_dist,trace_ratio,sps_log,ll_proper,model_name
CREBBP,NM_004380.3(CREBBP):c.4022G>C (p.Arg1341Pro),1340,R,P,1,CREBBP:R1340P,7201.56147232656,0.020547347190381995,0.2704511584718403,4.152343571186066,facebook/esm2_t36_3B_UR50D
CREBBP,NM_004380.3(CREBBP):c.5060C>T (p.Ser1687Phe),1686,S,F,1,CREBBP:S1686F,3312.4540128396293,0.012440831425987457,0.21095454723476725,2.947876065969467,facebook/esm2_t36_3B_UR50D
