gene,name,position,wt_aa,mut_aa,label,variant_id,frob_dist,trace_ratio,sps_log,ll_proper,model_name
TSC2,NM_000548.5(TSC2):c.4692T>G (p.Asn1564Lys),1563,N,K,1,TSC2:N1563K,2287.0457994596272,0.006855133991326294,0.12708454452647194,11.86499047614052,facebook/esm2_t36_3B_UR50D
TSC2,NM_000548.5(TSC2):c.880G>A (p.Gly294Arg),293,G,R,1,TSC2:G293R,7624.794104447761,0.02599384790840211,0.31188988481200935,3.5698242783546448,facebook/esm2_t36_3B_UR50D
CREBBP,NM_004380.3(CREBBP):c.4022G>C (p.Arg1341Pro),1340,R,P,1,CREBBP:R1340P,7201.56147232656,0.020547347190381995,0.2704511584718403,4.152343571186066,facebook/esm2_t36_3B_UR50D
CREBBP,NM_004380.3(CREBBP):c.5060C>T (p.Ser1687Phe),1686,S,F,1,CREBBP:S1686F,3312.4540128396293,0.012440831425987457,0.21095454723476725,2.947876065969467,facebook/esm2_t36_3B_UR50D
GRIN2A,NM_001134407.3(GRIN2A):c.236C>G (p.Pro79Arg),78,P,R,1,GRIN2A:P78R,3521.0796301660407,0.027596664149527876,0.3555804860181781,12.575195713987341,facebook/esm2_t36_3B_UR50D
