gene,name,position,wt_aa,mut_aa,label,variant_id,frob_dist,trace_ratio,sps_log,ll_proper,model_name
TSC2,NM_000548.5(TSC2):c.4692T>G (p.Asn1564Lys),1563,N,K,1,TSC2:N1563K,2287.0457994596272,0.006855133991326294,0.12708454452647194,11.86499047614052,facebook/esm2_t36_3B_UR50D
TSC2,NM_000548.5(TSC2):c.880G>A (p.Gly294Arg),293,G,R,1,TSC2:G293R,7624.794104447761,0.02599384790840211,0.31188988481200935,3.5698242783546448,facebook/esm2_t36_3B_UR50D
