gene,name,position,wt_aa,mut_aa,label,variant_id,frob_dist,trace_ratio,sps_log,ll_proper,model_name
TSC2,NM_000548.5(TSC2):c.4692T>G (p.Asn1564Lys),1563,N,K,1,TSC2:N1563K,70.26394160838001,0.02772136684041701,0.13987552687754665,28.455501556396484,hugohrban/progen2-small
TSC2,NM_000548.5(TSC2):c.880G>A (p.Gly294Arg),293,G,R,1,TSC2:G293R,33.95943026689006,0.0703670012306063,2.073834880405971,12.124189376831055,hugohrban/progen2-small
CREBBP,NM_004380.3(CREBBP):c.4022G>C (p.Arg1341Pro),1340,R,P,1,CREBBP:R1340P,58.10810894170561,0.06515719156846678,2.5436715747352006,37.290245056152344,hugohrban/progen2-small
CREBBP,NM_004380.3(CREBBP):c.5060C>T (p.Ser1687Phe),1686,S,F,1,CREBBP:S1686F,129.85272008001795,0.07973761438709454,2.96251369331551,28.68326759338379,hugohrban/progen2-small
GRIN2A,NM_001134407.3(GRIN2A):c.236C>G (p.Pro79Arg),78,P,R,1,GRIN2A:P78R,18.405431426420144,0.018363581518307304,0.24412508006433006,15.708538055419922,hugohrban/progen2-small
