gene,name,position,wt_aa,mut_aa,label,variant_id,frob_dist,trace_ratio,sps_log,ll_proper,model_name
TSC2,NM_000548.5(TSC2):c.4692T>G (p.Asn1564Lys),1563,N,K,1,TSC2:N1563K,0.5737974381461352,0.026555229072833475,0.24824698364916917,1.8202488422393799,Rostlab/prot_bert
TSC2,NM_000548.5(TSC2):c.880G>A (p.Gly294Arg),293,G,R,1,TSC2:G293R,1.0693252695495428,0.015988784267401107,0.23367881646746447,2.3782405853271484,Rostlab/prot_bert
CREBBP,NM_004380.3(CREBBP):c.4022G>C (p.Arg1341Pro),1340,R,P,1,CREBBP:R1340P,0.9458896205979566,0.030739045469226373,0.8020918252539668,2.4049439430236816,Rostlab/prot_bert
CREBBP,NM_004380.3(CREBBP):c.5060C>T (p.Ser1687Phe),1686,S,F,1,CREBBP:S1686F,1.252271338992131,0.014885285194197906,0.2521466904484064,2.427652359008789,Rostlab/prot_bert
GRIN2A,NM_001134407.3(GRIN2A):c.236C>G (p.Pro79Arg),78,P,R,1,GRIN2A:P78R,0.5501966657241628,0.02158299029594732,0.2753974385786261,2.152428150177002,Rostlab/prot_bert
