gene,name,position,wt_aa,mut_aa,label,variant_id,frob_dist,trace_ratio,sps_log,ll_proper,model_name
TSC2,NM_000548.5(TSC2):c.4692T>G (p.Asn1564Lys),1563,N,K,1,TSC2:N1563K,0.672012240835089,0.01839746657292035,0.14891347220914591,2.118330955505371,Rostlab/prot_bert_bfd
TSC2,NM_000548.5(TSC2):c.880G>A (p.Gly294Arg),293,G,R,1,TSC2:G293R,1.4615343658560136,0.06339246013189842,0.6561904237168497,2.620677947998047,Rostlab/prot_bert_bfd
CREBBP,NM_004380.3(CREBBP):c.4022G>C (p.Arg1341Pro),1340,R,P,1,CREBBP:R1340P,2.5800386359059857,0.08501168462999376,1.067845837984916,3.2748758792877197,Rostlab/prot_bert_bfd
CREBBP,NM_004380.3(CREBBP):c.5060C>T (p.Ser1687Phe),1686,S,F,1,CREBBP:S1686F,1.1694110305357361,0.021314416782094836,0.4132772757687915,4.732595443725586,Rostlab/prot_bert_bfd
GRIN2A,NM_001134407.3(GRIN2A):c.236C>G (p.Pro79Arg),78,P,R,1,GRIN2A:P78R,0.6945402537444755,0.010391423150822504,0.09440830624773616,2.134636402130127,Rostlab/prot_bert_bfd
