best_alpha,best_auc,fixed_alpha,fixed_auc,delta_fixed_to_best_auc,plateau_tolerance_auc,plateau_alpha_min,plateau_alpha_max,plateau_width,fixed_alpha_in_plateau,gene
0.9,0.7142652329749104,0.55,0.6889784946236559,0.0252867383512545,0.01,0.75,1.0,0.25,False,BRCA2
0.0,0.9232531841447447,0.55,0.8457028925127961,0.0775502916319486,0.01,0.0,0.25,0.25,False,MSH2
0.3,0.9525465838509317,0.55,0.9304968944099379,0.022049689440993836,0.01,0.0,0.45,0.45,False,TP53
