gene,name,position,wt_aa,mut_aa,label,variant_id,frob_dist,trace_ratio,sps_log,ll_proper,model_name
TSC2,NM_000548.5(TSC2):c.4692T>G (p.Asn1564Lys),1563,N,K,1,TSC2:N1563K,1981.6628919240586,0.026289076300660557,0.11581397597189672,3.0671995878219604,facebook/esm1v_t33_650M_UR90S_1
TSC2,NM_000548.5(TSC2):c.880G>A (p.Gly294Arg),293,G,R,1,TSC2:G293R,2620.152822434741,0.040529810281235715,0.20475054835719228,3.3275451958179474,facebook/esm1v_t33_650M_UR90S_1
CREBBP,NM_004380.3(CREBBP):c.4022G>C (p.Arg1341Pro),1340,R,P,1,CREBBP:R1340P,2566.9734167383504,0.03637632484231759,0.27202354229126996,4.860839933156967,facebook/esm1v_t33_650M_UR90S_1
CREBBP,NM_004380.3(CREBBP):c.5060C>T (p.Ser1687Phe),1686,S,F,1,CREBBP:S1686F,1102.871644494282,0.005153867057587866,0.10879939298154813,4.3388671875,facebook/esm1v_t33_650M_UR90S_1
GRIN2A,NM_001134407.3(GRIN2A):c.236C>G (p.Pro79Arg),78,P,R,1,GRIN2A:P78R,1114.3971512872797,0.0052610785698607426,0.11174309049761286,3.0854493379592896,facebook/esm1v_t33_650M_UR90S_1
