gene,name,position,wt_aa,mut_aa,label,variant_id,frob_dist,trace_ratio,sps_log,ll_proper,model_name
TSC2,NM_000548.5(TSC2):c.4692T>G (p.Asn1564Lys),1563,N,K,1,TSC2:N1563K,1981.6628919240586,0.026289076300660557,0.11581397597189672,3.0671995878219604,facebook/esm1v_t33_650M_UR90S_1
TSC2,NM_000548.5(TSC2):c.880G>A (p.Gly294Arg),293,G,R,1,TSC2:G293R,2620.152822434741,0.040529810281235715,0.20475054835719228,3.3275451958179474,facebook/esm1v_t33_650M_UR90S_1
