gene,name,position,wt_aa,mut_aa,label,variant_id,frob_dist,trace_ratio,sps_log,ll_proper,model_name
CREBBP,NM_004380.3(CREBBP):c.4022G>C (p.Arg1341Pro),1340,R,P,1,CREBBP:R1340P,19.2753498387575,0.014418438354528088,0.12897241652323962,4.01123046875,facebook/esm2_t12_35M_UR50D
CREBBP,NM_004380.3(CREBBP):c.5060C>T (p.Ser1687Phe),1686,S,F,1,CREBBP:S1686F,13.245819814419448,0.013723539015474231,0.1327366937928864,4.117187261581421,facebook/esm2_t12_35M_UR50D
