gene,name,position,wt_aa,mut_aa,label,variant_id,frob_dist,trace_ratio,sps_log,ll_proper,model_name
TSC2,NM_000548.5(TSC2):c.4692T>G (p.Asn1564Lys),1563,N,K,1,TSC2:N1563K,31.205882122468612,0.023951900081528688,0.5370259791934622,2.9832764267921448,facebook/esm2_t12_35M_UR50D
TSC2,NM_000548.5(TSC2):c.880G>A (p.Gly294Arg),293,G,R,1,TSC2:G293R,32.18472972731693,0.010434234433534445,0.1474046057824446,3.579345703125,facebook/esm2_t12_35M_UR50D
CREBBP,NM_004380.3(CREBBP):c.4022G>C (p.Arg1341Pro),1340,R,P,1,CREBBP:R1340P,19.2753498387575,0.014418438354528088,0.12897241652323962,4.01123046875,facebook/esm2_t12_35M_UR50D
CREBBP,NM_004380.3(CREBBP):c.5060C>T (p.Ser1687Phe),1686,S,F,1,CREBBP:S1686F,13.245819814419448,0.013723539015474231,0.1327366937928864,4.117187261581421,facebook/esm2_t12_35M_UR50D
GRIN2A,NM_001134407.3(GRIN2A):c.236C>G (p.Pro79Arg),78,P,R,1,GRIN2A:P78R,45.9040518371591,0.05878314422096251,0.7572837074811605,3.451416030526161,facebook/esm2_t12_35M_UR50D
