gene,name,position,wt_aa,mut_aa,label,variant_id,frob_dist,trace_ratio,sps_log,ll_proper,model_name
TSC2,NM_000548.5(TSC2):c.4692T>G (p.Asn1564Lys),1563,N,K,1,TSC2:N1563K,31.205882122468612,0.023951900081528688,0.5370259791934622,2.9832764267921448,facebook/esm2_t12_35M_UR50D
TSC2,NM_000548.5(TSC2):c.880G>A (p.Gly294Arg),293,G,R,1,TSC2:G293R,32.18472972731693,0.010434234433534445,0.1474046057824446,3.579345703125,facebook/esm2_t12_35M_UR50D
