gene,name,position,wt_aa,mut_aa,label,validation_role,selected_regime,substitution,sequence_length,support_rank,ll_norm,frob_norm,pair_norm,reference_advantage,esm1v_ll_mean_norm,augmented_pair_fixed_055,rescue_margin
BRCA1,NM_007294.4(BRCA1):c.5212G>A (p.Gly1738Arg),1737,G,R,1,candidate_positive_existing_aug,True,G>R,1863,0,0.4996418995153715,0.9099179485891388,0.7252937265059436,0.22565182699057207,0.2676191469680016,0.6208834878596271,0.3532643408916255
BRCA2,NM_000059.4(BRCA2):c.8378G>A (p.Gly2793Glu),2792,G,E,1,candidate_positive_existing_aug,True,G>E,3418,2,0.2498418859025783,0.812431767025938,0.5592663205204261,0.30942443461784785,0.5662876936557002,0.701666934009331,0.1353792403536308
BRCA2,NM_000059.4(BRCA2):c.8377G>A (p.Gly2793Arg),2792,G,R,1,candidate_positive_existing_aug,True,G>R,3418,2,0.1940425491417232,0.7988893534347812,0.5267082915029051,0.3326657423611819,0.4979851414349379,0.6634824580348517,0.16549731659991385
BRCA1,NM_007294.4(BRCA1):c.5213G>T (p.Gly1738Val),1737,G,V,1,matched_positive_control,False,G>V,1863,0,0.49276295178554314,0.6069376444826813,0.5555590327689691,0.06279608098342598,,,
BRCA2,NM_000059.4(BRCA2):c.8375T>C (p.Leu2792Pro),2791,L,P,1,matched_positive_control,False,L>P,3418,2,0.237322280433928,0.7434386347368437,0.5156862753005317,0.2783639948666037,,,
BRCA2,NM_000059.4(BRCA2):c.8375T>G (p.Leu2792Arg),2791,L,R,1,matched_positive_control,False,L>R,3418,2,0.2227192001910275,0.10360149151575315,0.1572044604196266,-0.0655147397714009,,,
