gene,observed_delta_augmented_vs_esm1v,permute_frob_mean,permute_frob_ci_2p5,permute_frob_ci_97p5,permute_frob_empirical_p_ge_observed,permute_esm1v_mean,permute_esm1v_ci_2p5,permute_esm1v_ci_97p5,permute_esm1v_empirical_p_ge_observed
TP53,-0.016086956521739193,-0.0709368322981367,-0.10255745341614914,-0.041667701863354126,0.000999000999000999,0.07870627329192546,0.05800077639751558,0.09854736024844725,1.0
BRCA2,0.05659498207885305,-0.03497734767025088,-0.07679838709677422,0.008822132616487425,0.000999000999000999,0.15257132616487457,0.11652822580645161,0.18700761648745517,1.0
MSH2,-0.0775502916319486,-0.07046545054160219,-0.09425514819664321,-0.044929919057255054,0.7122877122877123,0.02038891203428163,0.003360463040114223,0.03788239495298179,1.0
