variant_id,ESM-1v,ESM2-150M,ESM2-650M,ProtT5
CREBBP:R1340P,-0.21184915560816237,-0.3146849213323898,0.062360705256325366,0.0441371122272155
CREBBP:S1686F,-0.6226325589393369,-0.34969493009582076,-0.36695936082685554,-0.26142640205707524
GRIN2A:P78R,-0.6613310022165069,0.007178416548657973,-0.1566667904889521,-0.27449877302312736
TSC2:G293R,-0.24868841096518812,-0.12727356644850557,-0.2575855963586721,0.5532536983245461
TSC2:N1563K,-0.42892057222957236,0.06980916476841359,0.11520180816630365,-0.2578510240988864
