gene,name,position,wt_aa,mut_aa,label,variant_id,frob_dist,trace_ratio,sps_log,ll_proper,mut_token_shift,mean_token_shift,model_name
TSC2,NM_000548.5(TSC2):c.4692T>G (p.Asn1564Lys),1563,N,K,1,TSC2:N1563K,65831.33295333279,0.008323537199965342,0.14122778362834087,4.37448263168335,4.37448263168335,0.3664817810058594,Rostlab/prot_t5_xl_half_uniref50-enc
TSC2,NM_000548.5(TSC2):c.880G>A (p.Gly294Arg),293,G,R,1,TSC2:G293R,384034.2169907067,0.1550960507641817,5.777166268594921,5.91646146774292,5.91646146774292,3.25836443901062,Rostlab/prot_t5_xl_half_uniref50-enc
CREBBP,NM_004380.3(CREBBP):c.4022G>C (p.Arg1341Pro),1340,R,P,1,CREBBP:R1340P,209720.39037318877,0.02520555800706975,0.5545340206507006,4.689145088195801,4.689145088195801,1.7431325912475586,Rostlab/prot_t5_xl_half_uniref50-enc
CREBBP,NM_004380.3(CREBBP):c.5060C>T (p.Ser1687Phe),1686,S,F,1,CREBBP:S1686F,66371.87049550831,0.004942092130683584,0.6709578493407076,4.347850322723389,4.347850322723389,0.40906330943107605,Rostlab/prot_t5_xl_half_uniref50-enc
GRIN2A,NM_001134407.3(GRIN2A):c.236C>G (p.Pro79Arg),78,P,R,1,GRIN2A:P78R,96916.13453010199,0.0057314836586991325,4.918980189024361,3.9588675498962402,3.9588675498962402,0.6505784392356873,Rostlab/prot_t5_xl_half_uniref50-enc
BRCA1,NM_007294.4(BRCA1):c.181T>G (p.Cys61Gly),60,C,G,0,BRCA1:C60G,146244.49602279492,0.009304552246237607,0.7660125598549432,5.076423645019531,5.076423645019531,0.8447903394699097,Rostlab/prot_t5_xl_half_uniref50-enc
BRCA1,NM_007294.4(BRCA1):c.117T>G (p.Cys39Trp),38,C,W,0,BRCA1:C38W,141100.195656595,0.009061528915158323,1.5729583228837993,4.018199443817139,4.018199443817139,0.8255181908607483,Rostlab/prot_t5_xl_half_uniref50-enc
MSH2,NM_000251.3(MSH2):c.2091T>G (p.Cys697Trp),696,C,W,0,MSH2:C696W,106949.88408743571,0.011417603144767696,1.320593109467834,6.317564964294434,6.317564964294434,0.6145238280296326,Rostlab/prot_t5_xl_half_uniref50-enc
MSH2,NM_000251.3(MSH2):c.2030C>G (p.Thr677Arg),676,T,R,0,MSH2:T676R,138892.14951187713,0.021823685819829602,0.2820794609929871,6.616385459899902,6.616385459899902,0.7614801526069641,Rostlab/prot_t5_xl_half_uniref50-enc
BRCA1,NM_007294.4(BRCA1):c.72T>G (p.Cys24Trp),23,C,W,0,BRCA1:C23W,154229.1124621332,0.00854323481126501,0.4922229466936433,4.771758079528809,4.771758079528809,0.8155759572982788,Rostlab/prot_t5_xl_half_uniref50-enc
