gene,name,position,wt_aa,mut_aa,label,variant_id,frob_dist,trace_ratio,sps_log,ll_proper,model_name
BRCA1,NM_007294.4(BRCA1):c.181T>G (p.Cys61Gly),60,C,G,0,BRCA1:C60G,3149.898819473476,0.04590730600536395,0.37850081312784484,10.980468575085979,facebook/esm1v_t33_650M_UR90S_1
BRCA1,NM_007294.4(BRCA1):c.117T>G (p.Cys39Trp),38,C,W,0,BRCA1:C38W,2596.574612022288,0.017764060551205395,0.19598341915377096,10.975585896987468,facebook/esm1v_t33_650M_UR90S_1
BRCA1,NM_007294.4(BRCA1):c.72T>G (p.Cys24Trp),23,C,W,0,BRCA1:C23W,2996.9699862092357,0.052005833985569926,0.48048798322960534,10.225342205259949,facebook/esm1v_t33_650M_UR90S_1
