gene,name,position,wt_aa,mut_aa,label,variant_id,frob_dist,trace_ratio,sps_log,ll_proper,model_name
CREBBP,NM_004380.3(CREBBP):c.4022G>C (p.Arg1341Pro),1340,R,P,1,CREBBP:R1340P,2566.9734167383504,0.03637632484231759,0.27202354229126996,4.860839933156967,facebook/esm1v_t33_650M_UR90S_1
CREBBP,NM_004380.3(CREBBP):c.5060C>T (p.Ser1687Phe),1686,S,F,1,CREBBP:S1686F,1102.871644494282,0.005153867057587866,0.10879939298154813,4.3388671875,facebook/esm1v_t33_650M_UR90S_1
