gene,name,position,wt_aa,mut_aa,label,variant_id,frob_dist,trace_ratio,sps_log,ll_proper,model_name
MSH2,NM_000251.3(MSH2):c.2091T>G (p.Cys697Trp),696,C,W,0,MSH2:C696W,1388.9881162362337,0.010561162646222887,0.1369385296382969,16.56250048056245,facebook/esm1v_t33_650M_UR90S_1
MSH2,NM_000251.3(MSH2):c.2030C>G (p.Thr677Arg),676,T,R,0,MSH2:T676R,1962.3252378781885,0.0116721813553172,0.18317163439969505,14.835937461029971,facebook/esm1v_t33_650M_UR90S_1
