gene,n_rows,n_positive,median_clinical_rescue_margin,median_pair_for_audit,median_scalar_baseline,n_regime_hits,n_shortlisted
ANKRD11,264,33,-0.009374999999999967,0.48456439393939393,0.5018939393939394,0,3
BRCA1,512,165,-0.14210694694717635,0.1872410536613089,0.32091224235288673,0,0
BRCA2,658,100,-0.16073315678259606,0.2343848407355609,0.39344237158011924,0,3
CREBBP,296,114,-0.0167229729729729,0.4775337837837838,0.5016891891891893,0,3
MSH2,395,124,-0.15088403692652716,0.2561073663413632,0.3979545425885981,0,0
TSC2,362,164,-0.012914364640883969,0.49523480662983427,0.5013812154696133,0,3
