gene,name,position,wt_aa,mut_aa,label,variant_id,frob_dist,trace_ratio,sps_log,ll_proper,model_name
BRCA1,NM_007294.4(BRCA1):c.181T>G (p.Cys61Gly),60,C,G,0,BRCA1:C60G,786.7500482125548,0.019368237308347722,0.22528069461465322,10.479491863457952,facebook/esm2_t33_650M_UR50D
BRCA1,NM_007294.4(BRCA1):c.117T>G (p.Cys39Trp),38,C,W,0,BRCA1:C38W,1019.1585990840734,0.027654092702123968,0.2721532134811012,11.366210503387265,facebook/esm2_t33_650M_UR50D
BRCA1,NM_007294.4(BRCA1):c.72T>G (p.Cys24Trp),23,C,W,0,BRCA1:C23W,757.5064110149814,0.01395585096304255,0.24680507299396212,8.511718553025275,facebook/esm2_t33_650M_UR50D
