gene,name,position,wt_aa,mut_aa,label,variant_id,frob_dist,trace_ratio,sps_log,ll_proper,model_name
MSH2,NM_000251.3(MSH2):c.2091T>G (p.Cys697Trp),696,C,W,0,MSH2:C696W,423.22762021395044,0.00258074329379666,0.08605404681584938,13.542968988418579,facebook/esm2_t33_650M_UR50D
MSH2,NM_000251.3(MSH2):c.2030C>G (p.Thr677Arg),676,T,R,0,MSH2:T676R,975.7736371592364,0.028547939031350986,0.08829729342354015,13.58984416545718,facebook/esm2_t33_650M_UR50D
