gene,name,position,wt_aa,mut_aa,label,variant_id,frob_dist,trace_ratio,sps_log,ll_proper,model_name
CREBBP,NM_004380.3(CREBBP):c.4022G>C (p.Arg1341Pro),1340,R,P,1,CREBBP:R1340P,3970.8978645224556,0.2505739566384679,15.497739098139292,3.55126953125,facebook/esm2_t33_650M_UR50D
CREBBP,NM_004380.3(CREBBP):c.5060C>T (p.Ser1687Phe),1686,S,F,1,CREBBP:S1686F,639.2208306389384,0.0095609706092801,0.20928185113556863,4.0166015625,facebook/esm2_t33_650M_UR50D
