gene,name,position,wt_aa,mut_aa,label,variant_id,frob_dist,trace_ratio,sps_log,ll_proper,model_name
TSC2,NM_000548.5(TSC2):c.4692T>G (p.Asn1564Lys),1563,N,K,1,TSC2:N1563K,4501.534559801623,0.0642612416136258,1.1401896337032587,3.1154785752296448,facebook/esm2_t33_650M_UR50D
TSC2,NM_000548.5(TSC2):c.880G>A (p.Gly294Arg),293,G,R,1,TSC2:G293R,1737.6273237927896,0.1436989929338125,1.422324131550578,3.1143799126148224,facebook/esm2_t33_650M_UR50D
CREBBP,NM_004380.3(CREBBP):c.4022G>C (p.Arg1341Pro),1340,R,P,1,CREBBP:R1340P,3970.8978645224556,0.2505739566384679,15.497739098139292,3.55126953125,facebook/esm2_t33_650M_UR50D
CREBBP,NM_004380.3(CREBBP):c.5060C>T (p.Ser1687Phe),1686,S,F,1,CREBBP:S1686F,639.2208306389384,0.0095609706092801,0.20928185113556863,4.0166015625,facebook/esm2_t33_650M_UR50D
GRIN2A,NM_001134407.3(GRIN2A):c.236C>G (p.Pro79Arg),78,P,R,1,GRIN2A:P78R,612.7330341445819,0.023698625592973248,0.17857772503034403,8.99511742964387,facebook/esm2_t33_650M_UR50D
